-- phpMyAdmin SQL Dump
-- version 5.2.1
-- https://www.phpmyadmin.net/
--
-- Host: 127.0.0.1
-- Generation Time: Jan 21, 2025 at 10:19 AM
-- Server version: 10.4.32-MariaDB
-- PHP Version: 8.2.12

SET SQL_MODE = "NO_AUTO_VALUE_ON_ZERO";
START TRANSACTION;
SET time_zone = "+00:00";


/*!40101 SET @OLD_CHARACTER_SET_CLIENT=@@CHARACTER_SET_CLIENT */;
/*!40101 SET @OLD_CHARACTER_SET_RESULTS=@@CHARACTER_SET_RESULTS */;
/*!40101 SET @OLD_COLLATION_CONNECTION=@@COLLATION_CONNECTION */;
/*!40101 SET NAMES utf8mb4 */;

--
-- Database: `shopping_cart`
--

-- --------------------------------------------------------

--
-- Table structure for table `orders`
--

CREATE TABLE `orders` (
  `id` bigint(20) UNSIGNED NOT NULL,
  `id_users` int(11) NOT NULL,
  `total` decimal(15,2) NOT NULL,
  `created_at` timestamp NULL DEFAULT NULL,
  `updated_at` timestamp NULL DEFAULT NULL
) ENGINE=InnoDB DEFAULT CHARSET=utf8mb4 COLLATE=utf8mb4_general_ci;

--
-- Dumping data for table `orders`
--

INSERT INTO `orders` (`id`, `id_users`, `total`, `created_at`, `updated_at`) VALUES
(103, 0, 1000000.00, '2025-01-14 07:18:23', '2025-01-14 07:18:23'),
(104, 0, 1000000.00, '2025-01-15 23:44:25', '2025-01-15 23:44:25'),
(105, 0, 250000.00, '2025-01-15 23:58:19', '2025-01-15 23:58:19'),
(106, 0, 250000.00, '2025-01-15 23:59:07', '2025-01-15 23:59:07'),
(107, 0, 250000.00, '2025-01-15 23:59:13', '2025-01-15 23:59:13'),
(108, 0, 200000.00, '2025-01-16 00:01:45', '2025-01-16 00:01:45'),
(109, 0, 200000.00, '2025-01-16 00:01:45', '2025-01-16 00:01:45'),
(110, 0, 150000.00, '2025-01-16 00:06:47', '2025-01-16 00:06:47'),
(111, 0, 150000.00, '2025-01-16 00:06:47', '2025-01-16 00:06:47'),
(112, 0, 250000.00, '2025-01-16 00:07:26', '2025-01-16 00:07:26'),
(115, 0, 200000.00, '2025-01-16 00:40:47', '2025-01-16 00:40:47'),
(116, 0, 200000.00, '2025-01-16 00:40:47', '2025-01-16 00:40:47'),
(117, 0, 250000.00, '2025-01-16 00:44:56', '2025-01-16 00:44:56'),
(118, 0, 250000.00, '2025-01-16 00:45:18', '2025-01-16 00:45:18'),
(119, 0, 250000.00, '2025-01-16 00:45:18', '2025-01-16 00:45:18'),
(120, 0, 150000.00, '2025-01-16 00:46:58', '2025-01-16 00:46:58'),
(121, 0, 150000.00, '2025-01-16 00:47:50', '2025-01-16 00:47:50'),
(122, 0, 200000.00, '2025-01-16 00:48:06', '2025-01-16 00:48:06'),
(123, 0, 200000.00, '2025-01-16 00:48:37', '2025-01-16 00:48:37'),
(124, 0, 200000.00, '2025-01-16 00:56:52', '2025-01-16 00:56:52'),
(125, 0, 200000.00, '2025-01-16 00:56:54', '2025-01-16 00:56:54'),
(126, 0, 200000.00, '2025-01-16 00:56:57', '2025-01-16 00:56:57'),
(127, 0, 200000.00, '2025-01-16 00:56:59', '2025-01-16 00:56:59'),
(128, 0, 200000.00, '2025-01-16 00:57:01', '2025-01-16 00:57:01'),
(129, 0, 200000.00, '2025-01-16 01:06:02', '2025-01-16 01:06:02'),
(130, 0, 200000.00, '2025-01-16 01:06:03', '2025-01-16 01:06:03'),
(131, 0, 200000.00, '2025-01-16 01:06:06', '2025-01-16 01:06:06'),
(132, 0, 250000.00, '2025-01-16 01:06:24', '2025-01-16 01:06:24'),
(133, 0, 750000.00, '2025-01-16 01:07:00', '2025-01-16 01:07:00'),
(134, 0, 750000.00, '2025-01-16 01:19:13', '2025-01-16 01:19:13'),
(135, 0, 750000.00, '2025-01-16 01:19:16', '2025-01-16 01:19:16'),
(136, 0, 750000.00, '2025-01-16 01:19:50', '2025-01-16 01:19:50'),
(137, 0, 750000.00, '2025-01-16 01:19:54', '2025-01-16 01:19:54'),
(138, 0, 750000.00, '2025-01-16 01:23:23', '2025-01-16 01:23:23'),
(139, 0, 750000.00, '2025-01-16 01:25:28', '2025-01-16 01:25:28'),
(140, 0, 250000.00, '2025-01-16 03:37:11', '2025-01-16 03:37:11'),
(141, 0, 450000.00, '2025-01-16 03:38:32', '2025-01-16 03:38:32'),
(142, 0, 250000.00, '2025-01-16 03:38:49', '2025-01-16 03:38:49'),
(143, 0, 250000.00, '2025-01-16 03:38:52', '2025-01-16 03:38:52'),
(144, 0, 250000.00, '2025-01-16 03:38:56', '2025-01-16 03:38:56'),
(145, 0, 750000.00, '2025-01-16 03:39:57', '2025-01-16 03:39:57'),
(146, 0, 750000.00, '2025-01-16 03:39:57', '2025-01-16 03:39:57'),
(147, 0, 750000.00, '2025-01-16 03:41:10', '2025-01-16 03:41:10'),
(148, 0, 750000.00, '2025-01-16 03:41:16', '2025-01-16 03:41:16'),
(149, 0, 750000.00, '2025-01-16 03:41:19', '2025-01-16 03:41:19'),
(150, 0, 750000.00, '2025-01-16 03:41:21', '2025-01-16 03:41:21'),
(151, 0, 600000.00, '2025-01-16 03:41:55', '2025-01-16 03:41:55'),
(152, 0, 600000.00, '2025-01-16 03:41:57', '2025-01-16 03:41:57'),
(153, 0, 600000.00, '2025-01-16 03:41:57', '2025-01-16 03:41:57'),
(154, 0, 750000.00, '2025-01-16 03:42:27', '2025-01-16 03:42:27'),
(155, 0, 750000.00, '2025-01-16 03:42:32', '2025-01-16 03:42:32'),
(156, 0, 138000.00, '2025-01-16 03:44:05', '2025-01-16 03:44:05'),
(157, 0, 1200000.00, '2025-01-16 03:48:30', '2025-01-16 03:48:30'),
(158, 0, 322000.00, '2025-01-16 03:48:48', '2025-01-16 03:48:48'),
(159, 0, 322000.00, '2025-01-16 03:49:10', '2025-01-16 03:49:10'),
(160, 0, 322000.00, '2025-01-16 03:49:10', '2025-01-16 03:49:10'),
(161, 0, 322000.00, '2025-01-16 03:49:44', '2025-01-16 03:49:44'),
(162, 0, 322000.00, '2025-01-16 03:50:59', '2025-01-16 03:50:59'),
(163, 0, 322000.00, '2025-01-16 03:51:02', '2025-01-16 03:51:02'),
(164, 0, 322000.00, '2025-01-16 03:51:18', '2025-01-16 03:51:18'),
(165, 0, 322000.00, '2025-01-16 04:27:10', '2025-01-16 04:27:10'),
(166, 0, 138000.00, '2025-01-16 04:29:56', '2025-01-16 04:29:56'),
(167, 0, 138000.00, '2025-01-16 06:38:07', '2025-01-16 06:38:07'),
(168, 0, 230000.00, '2025-01-16 06:38:38', '2025-01-16 06:38:38'),
(169, 0, 230000.00, '2025-01-16 06:43:13', '2025-01-16 06:43:13'),
(170, 0, 920000.00, '2025-01-16 06:45:43', '2025-01-16 06:45:43'),
(171, 0, 1380000.00, '2025-01-16 06:50:26', '2025-01-16 06:50:26'),
(172, 0, 1610000.00, '2025-01-16 06:51:41', '2025-01-16 06:51:41'),
(173, 0, 1610000.00, '2025-01-16 06:52:23', '2025-01-16 06:52:23'),
(174, 0, 2070000.00, '2025-01-16 06:56:57', '2025-01-16 06:56:57'),
(175, 0, 920000.00, '2025-01-16 06:57:55', '2025-01-16 06:57:55'),
(176, 0, 184000.00, '2025-01-16 06:58:53', '2025-01-16 06:58:53'),
(177, 0, 276000.00, '2025-01-16 06:59:24', '2025-01-16 06:59:24'),
(178, 0, 138000.00, '2025-01-16 07:22:34', '2025-01-16 07:22:34'),
(179, 0, 460000.00, '2025-01-16 07:26:15', '2025-01-16 07:26:15'),
(180, 0, 506000.00, '2025-01-16 07:27:52', '2025-01-16 07:27:52'),
(181, 0, 690000.00, '2025-01-17 08:46:19', '2025-01-17 08:46:19'),
(182, 0, 276000.00, '2025-01-17 08:47:31', '2025-01-17 08:47:31'),
(183, 0, 276000.00, '2025-01-17 08:48:02', '2025-01-17 08:48:02'),
(184, 0, 414000.00, '2025-01-17 08:57:01', '2025-01-17 08:57:01'),
(185, 0, 552000.00, '2025-01-17 08:58:07', '2025-01-17 08:58:07'),
(186, 0, 690000.00, '2025-01-17 08:59:47', '2025-01-17 08:59:47'),
(187, 0, 966000.00, '2025-01-17 09:02:14', '2025-01-17 09:02:14'),
(188, 0, 1012000.00, '2025-01-17 09:02:59', '2025-01-17 09:02:59'),
(189, 0, 1012000.00, '2025-01-19 00:44:15', '2025-01-19 00:44:15'),
(190, 0, 1500000.00, '2025-01-19 00:45:04', '2025-01-19 00:45:04'),
(191, 0, 1500000.00, '2025-01-19 00:45:13', '2025-01-19 00:45:13'),
(192, 0, 1500000.00, '2025-01-19 00:45:13', '2025-01-19 00:45:13'),
(193, 0, 690000.00, '2025-01-19 00:45:40', '2025-01-19 00:45:40'),
(194, 0, 1380000.00, '2025-01-19 00:49:42', '2025-01-19 00:49:42'),
(195, 0, 828000.00, '2025-01-19 00:50:22', '2025-01-19 00:50:22'),
(196, 0, 138000.00, '2025-01-19 00:51:38', '2025-01-19 00:51:38'),
(197, 0, 276000.00, '2025-01-19 00:53:08', '2025-01-19 00:53:08'),
(198, 0, 276000.00, '2025-01-19 00:53:18', '2025-01-19 00:53:18'),
(199, 0, 276000.00, '2025-01-19 00:54:01', '2025-01-19 00:54:01'),
(200, 0, 276000.00, '2025-01-19 00:54:12', '2025-01-19 00:54:12'),
(201, 0, 414000.00, '2025-01-19 00:54:46', '2025-01-19 00:54:46'),
(202, 0, 414000.00, '2025-01-19 00:54:56', '2025-01-19 00:54:56'),
(203, 0, 506000.00, '2025-01-19 00:57:22', '2025-01-19 00:57:22'),
(204, 0, 598000.00, '2025-01-19 00:58:44', '2025-01-19 00:58:44'),
(205, 0, 690000.00, '2025-01-19 00:59:12', '2025-01-19 00:59:12'),
(206, 0, 920000.00, '2025-01-19 02:07:47', '2025-01-19 02:07:47'),
(207, 0, 138000.00, '2025-01-19 02:17:07', '2025-01-19 02:17:07'),
(208, 0, 230000.00, '2025-01-19 02:18:00', '2025-01-19 02:18:00'),
(209, 0, 276000.00, '2025-01-19 02:19:13', '2025-01-19 02:19:13'),
(210, 0, 276000.00, '2025-01-19 02:22:39', '2025-01-19 02:22:39'),
(211, 0, 414000.00, '2025-01-19 02:24:21', '2025-01-19 02:24:21'),
(212, 0, 506000.00, '2025-01-19 02:26:03', '2025-01-19 02:26:03'),
(213, 0, 506000.00, '2025-01-19 02:26:29', '2025-01-19 02:26:29'),
(214, 0, 598000.00, '2025-01-19 02:27:04', '2025-01-19 02:27:04'),
(215, 0, 690000.00, '2025-01-19 02:30:58', '2025-01-19 02:30:58'),
(216, 0, 828000.00, '2025-01-19 02:36:02', '2025-01-19 02:36:02'),
(217, 0, 828000.00, '2025-01-19 02:37:31', '2025-01-19 02:37:31'),
(218, 0, 828000.00, '2025-01-19 02:49:23', '2025-01-19 02:49:23'),
(219, 0, 1518000.00, '2025-01-19 02:59:06', '2025-01-19 02:59:06'),
(220, 0, 1656000.00, '2025-01-19 02:59:57', '2025-01-19 02:59:57'),
(221, 0, 2346000.00, '2025-01-19 03:03:29', '2025-01-19 03:03:29'),
(222, 0, 1886000.00, '2025-01-20 07:26:37', '2025-01-20 07:26:37'),
(223, 0, 2346000.00, '2025-01-20 07:32:59', '2025-01-20 07:32:59'),
(224, 1, 3036000.00, '2025-01-20 07:35:45', '2025-01-20 07:35:45'),
(225, 0, 3726000.00, '2025-01-20 07:36:41', '2025-01-20 07:36:41'),
(226, 0, 3726000.00, '2025-01-20 07:38:03', '2025-01-20 07:38:03'),
(227, 0, 4186000.00, '2025-01-20 07:41:11', '2025-01-20 07:41:11'),
(228, 0, 4646000.00, '2025-01-20 07:42:17', '2025-01-20 07:42:17'),
(229, 0, 4646000.00, '2025-01-20 07:43:08', '2025-01-20 07:43:08'),
(230, 0, 5566000.00, '2025-01-20 07:45:00', '2025-01-20 07:45:00'),
(231, 0, 5704000.00, '2025-01-20 07:45:48', '2025-01-20 07:45:48'),
(232, 0, 184000.00, '2025-01-20 07:46:32', '2025-01-20 07:46:32');

-- --------------------------------------------------------

--
-- Table structure for table `order_items`
--

CREATE TABLE `order_items` (
  `id` bigint(20) UNSIGNED NOT NULL,
  `order_id` bigint(20) UNSIGNED NOT NULL,
  `product_name` varchar(255) NOT NULL,
  `price` decimal(15,2) NOT NULL,
  `quantity` int(10) UNSIGNED NOT NULL,
  `total` decimal(15,2) NOT NULL,
  `created_at` timestamp NULL DEFAULT NULL,
  `updated_at` timestamp NULL DEFAULT NULL
) ENGINE=InnoDB DEFAULT CHARSET=utf8mb4 COLLATE=utf8mb4_general_ci;

--
-- Dumping data for table `order_items`
--

INSERT INTO `order_items` (`id`, `order_id`, `product_name`, `price`, `quantity`, `total`, `created_at`, `updated_at`) VALUES
(140, 103, 'Product 4', 250000.00, 1, 250000.00, '2025-01-14 07:18:23', '2025-01-14 07:18:23'),
(141, 103, 'Product 3', 200000.00, 3, 600000.00, '2025-01-14 07:18:23', '2025-01-14 07:18:23'),
(142, 103, 'Product 2', 150000.00, 1, 150000.00, '2025-01-14 07:18:23', '2025-01-14 07:18:23'),
(143, 104, 'Product 4', 250000.00, 1, 250000.00, '2025-01-15 23:44:25', '2025-01-15 23:44:25'),
(144, 104, 'Product 3', 200000.00, 3, 600000.00, '2025-01-15 23:44:25', '2025-01-15 23:44:25'),
(145, 104, 'Product 2', 150000.00, 1, 150000.00, '2025-01-15 23:44:25', '2025-01-15 23:44:25'),
(146, 105, 'Product 4', 250000.00, 1, 250000.00, '2025-01-15 23:58:19', '2025-01-15 23:58:19'),
(147, 106, 'Product 4', 250000.00, 1, 250000.00, '2025-01-15 23:59:07', '2025-01-15 23:59:07'),
(148, 107, 'Product 4', 250000.00, 1, 250000.00, '2025-01-15 23:59:13', '2025-01-15 23:59:13'),
(149, 108, 'Product 3', 200000.00, 1, 200000.00, '2025-01-16 00:01:45', '2025-01-16 00:01:45'),
(150, 109, 'Product 3', 200000.00, 1, 200000.00, '2025-01-16 00:01:45', '2025-01-16 00:01:45'),
(151, 110, 'Piyama', 150000.00, 1, 150000.00, '2025-01-16 00:06:47', '2025-01-16 00:06:47'),
(152, 111, 'Piyama', 150000.00, 1, 150000.00, '2025-01-16 00:06:47', '2025-01-16 00:06:47'),
(153, 112, 'Product 4', 250000.00, 1, 250000.00, '2025-01-16 00:07:26', '2025-01-16 00:07:26'),
(154, 115, 'Product 3', 200000.00, 1, 200000.00, '2025-01-16 00:40:47', '2025-01-16 00:40:47'),
(155, 116, 'Product 3', 200000.00, 1, 200000.00, '2025-01-16 00:40:47', '2025-01-16 00:40:47'),
(156, 117, 'Product 4', 250000.00, 1, 250000.00, '2025-01-16 00:44:57', '2025-01-16 00:44:57'),
(157, 118, 'Product 4', 250000.00, 1, 250000.00, '2025-01-16 00:45:18', '2025-01-16 00:45:18'),
(158, 119, 'Product 4', 250000.00, 1, 250000.00, '2025-01-16 00:45:18', '2025-01-16 00:45:18'),
(159, 120, 'Piyama', 150000.00, 1, 150000.00, '2025-01-16 00:46:59', '2025-01-16 00:46:59'),
(160, 121, 'Piyama', 150000.00, 1, 150000.00, '2025-01-16 00:47:50', '2025-01-16 00:47:50'),
(161, 122, 'Product 3', 200000.00, 1, 200000.00, '2025-01-16 00:48:07', '2025-01-16 00:48:07'),
(162, 123, 'Product 3', 200000.00, 1, 200000.00, '2025-01-16 00:48:38', '2025-01-16 00:48:38'),
(163, 124, 'Product 3', 200000.00, 1, 200000.00, '2025-01-16 00:56:52', '2025-01-16 00:56:52'),
(164, 125, 'Product 3', 200000.00, 1, 200000.00, '2025-01-16 00:56:54', '2025-01-16 00:56:54'),
(165, 126, 'Product 3', 200000.00, 1, 200000.00, '2025-01-16 00:56:57', '2025-01-16 00:56:57'),
(166, 127, 'Product 3', 200000.00, 1, 200000.00, '2025-01-16 00:56:59', '2025-01-16 00:56:59'),
(167, 128, 'Product 3', 200000.00, 1, 200000.00, '2025-01-16 00:57:01', '2025-01-16 00:57:01'),
(168, 129, 'Product 3', 200000.00, 1, 200000.00, '2025-01-16 01:06:02', '2025-01-16 01:06:02'),
(169, 130, 'Product 3', 200000.00, 1, 200000.00, '2025-01-16 01:06:03', '2025-01-16 01:06:03'),
(170, 131, 'Product 3', 200000.00, 1, 200000.00, '2025-01-16 01:06:06', '2025-01-16 01:06:06'),
(171, 132, 'Product 4', 250000.00, 1, 250000.00, '2025-01-16 01:06:24', '2025-01-16 01:06:24'),
(172, 133, 'Product 4', 250000.00, 3, 750000.00, '2025-01-16 01:07:00', '2025-01-16 01:07:00'),
(173, 134, 'Product 4', 250000.00, 3, 750000.00, '2025-01-16 01:19:13', '2025-01-16 01:19:13'),
(174, 135, 'Product 4', 250000.00, 3, 750000.00, '2025-01-16 01:19:16', '2025-01-16 01:19:16'),
(175, 136, 'Product 4', 250000.00, 3, 750000.00, '2025-01-16 01:19:50', '2025-01-16 01:19:50'),
(176, 137, 'Product 4', 250000.00, 3, 750000.00, '2025-01-16 01:19:54', '2025-01-16 01:19:54'),
(177, 138, 'Product 4', 250000.00, 3, 750000.00, '2025-01-16 01:23:23', '2025-01-16 01:23:23'),
(178, 139, 'Product 4', 250000.00, 3, 750000.00, '2025-01-16 01:25:28', '2025-01-16 01:25:28'),
(179, 140, 'Product 4', 250000.00, 1, 250000.00, '2025-01-16 03:37:11', '2025-01-16 03:37:11'),
(180, 141, 'Piyama', 150000.00, 3, 450000.00, '2025-01-16 03:38:32', '2025-01-16 03:38:32'),
(181, 142, 'Product 4', 250000.00, 1, 250000.00, '2025-01-16 03:38:49', '2025-01-16 03:38:49'),
(182, 143, 'Product 4', 250000.00, 1, 250000.00, '2025-01-16 03:38:52', '2025-01-16 03:38:52'),
(183, 144, 'Product 4', 250000.00, 1, 250000.00, '2025-01-16 03:38:56', '2025-01-16 03:38:56'),
(184, 145, 'Product 4', 250000.00, 3, 750000.00, '2025-01-16 03:39:57', '2025-01-16 03:39:57'),
(185, 146, 'Product 4', 250000.00, 3, 750000.00, '2025-01-16 03:39:57', '2025-01-16 03:39:57'),
(186, 147, 'Piyama', 150000.00, 5, 750000.00, '2025-01-16 03:41:10', '2025-01-16 03:41:10'),
(187, 148, 'Piyama', 150000.00, 5, 750000.00, '2025-01-16 03:41:16', '2025-01-16 03:41:16'),
(188, 149, 'Piyama', 150000.00, 5, 750000.00, '2025-01-16 03:41:19', '2025-01-16 03:41:19'),
(189, 150, 'Piyama', 150000.00, 5, 750000.00, '2025-01-16 03:41:21', '2025-01-16 03:41:21'),
(190, 151, 'Piyama', 150000.00, 3, 450000.00, '2025-01-16 03:41:55', '2025-01-16 03:41:55'),
(191, 151, 'Product 2', 150000.00, 1, 150000.00, '2025-01-16 03:41:55', '2025-01-16 03:41:55'),
(192, 152, 'Piyama', 150000.00, 3, 450000.00, '2025-01-16 03:41:57', '2025-01-16 03:41:57'),
(193, 152, 'Product 2', 150000.00, 1, 150000.00, '2025-01-16 03:41:57', '2025-01-16 03:41:57'),
(194, 153, 'Piyama', 150000.00, 3, 450000.00, '2025-01-16 03:41:57', '2025-01-16 03:41:57'),
(195, 153, 'Product 2', 150000.00, 1, 150000.00, '2025-01-16 03:41:57', '2025-01-16 03:41:57'),
(196, 154, 'Product 4', 250000.00, 3, 750000.00, '2025-01-16 03:42:27', '2025-01-16 03:42:27'),
(197, 155, 'Product 4', 250000.00, 3, 750000.00, '2025-01-16 03:42:32', '2025-01-16 03:42:32'),
(198, 156, 'Celana Dalam', 46000.00, 3, 138000.00, '2025-01-16 03:44:05', '2025-01-16 03:44:05'),
(199, 157, 'Piyama', 150000.00, 8, 1200000.00, '2025-01-16 03:48:30', '2025-01-16 03:48:30'),
(200, 158, 'Celana Dalam', 46000.00, 7, 322000.00, '2025-01-16 03:48:48', '2025-01-16 03:48:48'),
(201, 159, 'Celana Dalam', 46000.00, 7, 322000.00, '2025-01-16 03:49:10', '2025-01-16 03:49:10'),
(202, 160, 'Celana Dalam', 46000.00, 7, 322000.00, '2025-01-16 03:49:10', '2025-01-16 03:49:10'),
(203, 161, 'Celana Dalam', 46000.00, 7, 322000.00, '2025-01-16 03:49:44', '2025-01-16 03:49:44'),
(204, 162, 'Celana Dalam', 46000.00, 7, 322000.00, '2025-01-16 03:50:59', '2025-01-16 03:50:59'),
(205, 163, 'Celana Dalam', 46000.00, 7, 322000.00, '2025-01-16 03:51:02', '2025-01-16 03:51:02'),
(206, 164, 'Celana Dalam', 46000.00, 7, 322000.00, '2025-01-16 03:51:18', '2025-01-16 03:51:18'),
(207, 165, 'Celana Dalam', 46000.00, 7, 322000.00, '2025-01-16 04:27:10', '2025-01-16 04:27:10'),
(208, 166, 'Celana Dalam', 46000.00, 3, 138000.00, '2025-01-16 04:29:56', '2025-01-16 04:29:56'),
(209, 167, 'Celana Dalam', 46000.00, 3, 138000.00, '2025-01-16 06:38:07', '2025-01-16 06:38:07'),
(210, 168, 'Celana Dalam', 46000.00, 5, 230000.00, '2025-01-16 06:38:38', '2025-01-16 06:38:38'),
(211, 169, 'Piyama', 230000.00, 1, 230000.00, '2025-01-16 06:43:13', '2025-01-16 06:43:13'),
(212, 170, 'Piyama', 230000.00, 4, 920000.00, '2025-01-16 06:45:43', '2025-01-16 06:45:43'),
(213, 171, 'Piyama', 230000.00, 6, 1380000.00, '2025-01-16 06:50:26', '2025-01-16 06:50:26'),
(214, 172, 'Piyama', 230000.00, 7, 1610000.00, '2025-01-16 06:51:41', '2025-01-16 06:51:41'),
(215, 173, 'Piyama', 230000.00, 7, 1610000.00, '2025-01-16 06:52:23', '2025-01-16 06:52:23'),
(216, 174, 'Piyama', 230000.00, 9, 2070000.00, '2025-01-16 06:56:57', '2025-01-16 06:56:57'),
(217, 175, 'Piyama', 230000.00, 4, 920000.00, '2025-01-16 06:57:55', '2025-01-16 06:57:55'),
(218, 176, 'Celana Dalam', 46000.00, 4, 184000.00, '2025-01-16 06:58:53', '2025-01-16 06:58:53'),
(219, 177, 'Celana Dalam', 46000.00, 6, 276000.00, '2025-01-16 06:59:24', '2025-01-16 06:59:24'),
(220, 178, 'Celana Dalam', 46000.00, 3, 138000.00, '2025-01-16 07:22:34', '2025-01-16 07:22:34'),
(221, 179, 'Celana Dalam', 46000.00, 10, 460000.00, '2025-01-16 07:26:15', '2025-01-16 07:26:15'),
(222, 180, 'Celana Dalam', 46000.00, 11, 506000.00, '2025-01-16 07:27:52', '2025-01-16 07:27:52'),
(223, 181, 'Celana Dalam', 46000.00, 15, 690000.00, '2025-01-17 08:46:19', '2025-01-17 08:46:19'),
(224, 182, 'Celana Dalam', 46000.00, 6, 276000.00, '2025-01-17 08:47:31', '2025-01-17 08:47:31'),
(225, 183, 'Celana Dalam', 46000.00, 6, 276000.00, '2025-01-17 08:48:02', '2025-01-17 08:48:02'),
(226, 184, 'Celana Dalam', 46000.00, 9, 414000.00, '2025-01-17 08:57:02', '2025-01-17 08:57:02'),
(227, 185, 'Celana Dalam', 46000.00, 12, 552000.00, '2025-01-17 08:58:07', '2025-01-17 08:58:07'),
(228, 186, 'Celana Dalam', 46000.00, 15, 690000.00, '2025-01-17 08:59:47', '2025-01-17 08:59:47'),
(229, 187, 'Celana Dalam', 46000.00, 21, 966000.00, '2025-01-17 09:02:14', '2025-01-17 09:02:14'),
(230, 188, 'Celana Dalam', 46000.00, 22, 1012000.00, '2025-01-17 09:02:59', '2025-01-17 09:02:59'),
(231, 189, 'Celana Dalam', 46000.00, 22, 1012000.00, '2025-01-19 00:44:15', '2025-01-19 00:44:15'),
(232, 190, 'Piyama', 150000.00, 10, 1500000.00, '2025-01-19 00:45:04', '2025-01-19 00:45:04'),
(233, 191, 'Piyama', 150000.00, 10, 1500000.00, '2025-01-19 00:45:13', '2025-01-19 00:45:13'),
(234, 192, 'Piyama', 150000.00, 10, 1500000.00, '2025-01-19 00:45:13', '2025-01-19 00:45:13'),
(235, 193, 'Celana Dalam', 46000.00, 15, 690000.00, '2025-01-19 00:45:40', '2025-01-19 00:45:40'),
(236, 194, 'Celana Dalam', 46000.00, 15, 690000.00, '2025-01-19 00:49:42', '2025-01-19 00:49:42'),
(237, 194, 'Piyama', 230000.00, 3, 690000.00, '2025-01-19 00:49:42', '2025-01-19 00:49:42'),
(238, 195, 'Celana Dalam', 46000.00, 3, 138000.00, '2025-01-19 00:50:22', '2025-01-19 00:50:22'),
(239, 195, 'Piyama', 230000.00, 3, 690000.00, '2025-01-19 00:50:22', '2025-01-19 00:50:22'),
(240, 196, 'Celana Dalam', 46000.00, 3, 138000.00, '2025-01-19 00:51:38', '2025-01-19 00:51:38'),
(241, 197, 'Celana Dalam', 46000.00, 6, 276000.00, '2025-01-19 00:53:08', '2025-01-19 00:53:08'),
(242, 198, 'Celana Dalam', 46000.00, 6, 276000.00, '2025-01-19 00:53:18', '2025-01-19 00:53:18'),
(243, 199, 'Celana Dalam', 46000.00, 6, 276000.00, '2025-01-19 00:54:01', '2025-01-19 00:54:01'),
(244, 200, 'Celana Dalam', 46000.00, 6, 276000.00, '2025-01-19 00:54:12', '2025-01-19 00:54:12'),
(245, 201, 'Celana Dalam', 46000.00, 9, 414000.00, '2025-01-19 00:54:47', '2025-01-19 00:54:47'),
(246, 202, 'Celana Dalam', 46000.00, 9, 414000.00, '2025-01-19 00:54:56', '2025-01-19 00:54:56'),
(247, 203, 'Celana Dalam', 46000.00, 11, 506000.00, '2025-01-19 00:57:22', '2025-01-19 00:57:22'),
(248, 204, 'Celana Dalam', 46000.00, 13, 598000.00, '2025-01-19 00:58:44', '2025-01-19 00:58:44'),
(249, 205, 'Celana Dalam', 46000.00, 15, 690000.00, '2025-01-19 00:59:12', '2025-01-19 00:59:12'),
(250, 206, 'Celana Dalam', 46000.00, 20, 920000.00, '2025-01-19 02:07:47', '2025-01-19 02:07:47'),
(251, 207, 'Celana Dalam', 46000.00, 3, 138000.00, '2025-01-19 02:17:07', '2025-01-19 02:17:07'),
(252, 208, 'Celana Dalam', 46000.00, 5, 230000.00, '2025-01-19 02:18:00', '2025-01-19 02:18:00'),
(253, 209, 'Celana Dalam', 46000.00, 6, 276000.00, '2025-01-19 02:19:13', '2025-01-19 02:19:13'),
(254, 210, 'Celana Dalam', 46000.00, 6, 276000.00, '2025-01-19 02:22:39', '2025-01-19 02:22:39'),
(255, 211, 'Celana Dalam', 46000.00, 9, 414000.00, '2025-01-19 02:24:21', '2025-01-19 02:24:21'),
(256, 212, 'Celana Dalam', 46000.00, 11, 506000.00, '2025-01-19 02:26:03', '2025-01-19 02:26:03'),
(257, 213, 'Celana Dalam', 46000.00, 11, 506000.00, '2025-01-19 02:26:29', '2025-01-19 02:26:29'),
(258, 214, 'Celana Dalam', 46000.00, 13, 598000.00, '2025-01-19 02:27:04', '2025-01-19 02:27:04'),
(259, 215, 'Celana Dalam', 46000.00, 15, 690000.00, '2025-01-19 02:30:58', '2025-01-19 02:30:58'),
(260, 216, 'Celana Dalam', 46000.00, 18, 828000.00, '2025-01-19 02:36:02', '2025-01-19 02:36:02'),
(261, 217, 'Celana Dalam', 46000.00, 18, 828000.00, '2025-01-19 02:37:31', '2025-01-19 02:37:31'),
(262, 218, 'Celana Dalam', 46000.00, 18, 828000.00, '2025-01-19 02:49:23', '2025-01-19 02:49:23'),
(263, 219, 'Celana Dalam', 46000.00, 18, 828000.00, '2025-01-19 02:59:06', '2025-01-19 02:59:06'),
(264, 219, 'Piyama', 230000.00, 3, 690000.00, '2025-01-19 02:59:06', '2025-01-19 02:59:06'),
(265, 220, 'Celana Dalam', 46000.00, 21, 966000.00, '2025-01-19 02:59:57', '2025-01-19 02:59:57'),
(266, 220, 'Piyama', 230000.00, 3, 690000.00, '2025-01-19 02:59:57', '2025-01-19 02:59:57'),
(267, 221, 'Celana Dalam', 46000.00, 21, 966000.00, '2025-01-19 03:03:30', '2025-01-19 03:03:30'),
(268, 221, 'Piyama', 230000.00, 6, 1380000.00, '2025-01-19 03:03:30', '2025-01-19 03:03:30'),
(269, 222, 'Celana Dalam', 46000.00, 21, 966000.00, '2025-01-20 07:26:37', '2025-01-20 07:26:37'),
(270, 222, 'Piyama', 230000.00, 4, 920000.00, '2025-01-20 07:26:37', '2025-01-20 07:26:37'),
(271, 223, 'Celana Dalam', 46000.00, 21, 966000.00, '2025-01-20 07:32:59', '2025-01-20 07:32:59'),
(272, 223, 'Piyama', 230000.00, 6, 1380000.00, '2025-01-20 07:32:59', '2025-01-20 07:32:59'),
(273, 224, 'Celana Dalam', 46000.00, 21, 966000.00, '2025-01-20 07:35:45', '2025-01-20 07:35:45'),
(274, 224, 'Piyama', 230000.00, 9, 2070000.00, '2025-01-20 07:35:45', '2025-01-20 07:35:45'),
(275, 225, 'Celana Dalam', 46000.00, 21, 966000.00, '2025-01-20 07:36:41', '2025-01-20 07:36:41'),
(276, 225, 'Piyama', 230000.00, 12, 2760000.00, '2025-01-20 07:36:41', '2025-01-20 07:36:41'),
(277, 226, 'Celana Dalam', 46000.00, 21, 966000.00, '2025-01-20 07:38:03', '2025-01-20 07:38:03'),
(278, 226, 'Piyama', 230000.00, 12, 2760000.00, '2025-01-20 07:38:03', '2025-01-20 07:38:03'),
(279, 227, 'Celana Dalam', 46000.00, 21, 966000.00, '2025-01-20 07:41:11', '2025-01-20 07:41:11'),
(280, 227, 'Piyama', 230000.00, 14, 3220000.00, '2025-01-20 07:41:11', '2025-01-20 07:41:11'),
(281, 228, 'Celana Dalam', 46000.00, 21, 966000.00, '2025-01-20 07:42:17', '2025-01-20 07:42:17'),
(282, 228, 'Piyama', 230000.00, 16, 3680000.00, '2025-01-20 07:42:17', '2025-01-20 07:42:17'),
(283, 229, 'Celana Dalam', 46000.00, 21, 966000.00, '2025-01-20 07:43:08', '2025-01-20 07:43:08'),
(284, 229, 'Piyama', 230000.00, 16, 3680000.00, '2025-01-20 07:43:08', '2025-01-20 07:43:08'),
(285, 230, 'Celana Dalam', 46000.00, 21, 966000.00, '2025-01-20 07:45:00', '2025-01-20 07:45:00'),
(286, 230, 'Piyama', 230000.00, 20, 4600000.00, '2025-01-20 07:45:00', '2025-01-20 07:45:00'),
(287, 231, 'Celana Dalam', 46000.00, 24, 1104000.00, '2025-01-20 07:45:48', '2025-01-20 07:45:48'),
(288, 231, 'Piyama', 230000.00, 20, 4600000.00, '2025-01-20 07:45:48', '2025-01-20 07:45:48'),
(289, 232, 'Celana Dalam', 46000.00, 4, 184000.00, '2025-01-20 07:46:32', '2025-01-20 07:46:32');

-- --------------------------------------------------------

--
-- Table structure for table `products`
--

CREATE TABLE `products` (
  `id_products` int(11) NOT NULL,
  `name` text NOT NULL,
  `description` text NOT NULL,
  `price` text NOT NULL,
  `image` text NOT NULL,
  `stok` int(11) NOT NULL
) ENGINE=InnoDB DEFAULT CHARSET=utf8mb4 COLLATE=utf8mb4_general_ci;

--
-- Dumping data for table `products`
--

INSERT INTO `products` (`id_products`, `name`, `description`, `price`, `image`, `stok`) VALUES
(1, 'Piyama', 'Piyama besar', '230000', 'sds', 21),
(2, 'Celana Dalam', 'celana dalam asx', '46000', '', 33);

-- --------------------------------------------------------

--
-- Table structure for table `transactions`
--

CREATE TABLE `transactions` (
  `id` int(11) NOT NULL,
  `id_user` int(11) NOT NULL,
  `order_id` varchar(50) NOT NULL,
  `snap_token` varchar(255) NOT NULL,
  `gross_amount` decimal(10,2) NOT NULL,
  `items` text NOT NULL,
  `first_name` varchar(50) DEFAULT NULL,
  `last_name` varchar(50) DEFAULT NULL,
  `email` varchar(100) DEFAULT NULL,
  `phone` varchar(20) DEFAULT NULL,
  `address` text DEFAULT NULL,
  `created_at` timestamp NOT NULL DEFAULT current_timestamp()
) ENGINE=InnoDB DEFAULT CHARSET=utf8mb4 COLLATE=utf8mb4_general_ci;

--
-- Dumping data for table `transactions`
--

INSERT INTO `transactions` (`id`, `id_user`, `order_id`, `snap_token`, `gross_amount`, `items`, `first_name`, `last_name`, `email`, `phone`, `address`, `created_at`) VALUES
(1, 0, '1394375614', 'e59b0f69-f737-47e3-b605-879d1720ae72', 450000.00, '[{\"id\":2,\"price\":150000,\"quantity\":3,\"name\":\"Product 2\"}]', 'ds', 'sd', 'fahrom83@gmail.com', '085725415964', '0245787', '2025-01-10 03:17:13'),
(2, 0, '73313834', '98418206-f4dc-48ed-a6d1-8a3cc186bf59', 600000.00, '[{\"id\":3,\"price\":200000,\"quantity\":3,\"name\":\"Product 3\"}]', 'ds', 'sd', 'fahrom83@gmail.com', '085725415964', '0245787', '2025-01-10 03:20:53'),
(3, 0, '867809099', '1fb3c03d-4df9-450f-aa40-abd86677e6fe', 600000.00, '[{\"id\":3,\"price\":200000,\"quantity\":3,\"name\":\"Product 3\"}]', 'ds', 'sd', 'fahrom83@gmail.com', '085725415964', '0245787', '2025-01-10 03:25:01'),
(4, 0, '1658561495', '5dc377ea-7e9d-4bbd-adf8-fc2e70511aad', 600000.00, '[{\"id\":3,\"price\":200000,\"quantity\":3,\"name\":\"Product 3\"}]', 'ds', 'sd', 'fahrom83@gmail.com', '085725415964', '0245787', '2025-01-10 03:40:38'),
(5, 0, '920667927', '', 600000.00, '[{\"id\":3,\"price\":200000,\"quantity\":3,\"name\":\"Product 3\"}]', 'ds', 'sd', 'fahrom83@gmail.com', '085725415964', '0245787', '2025-01-10 03:41:39'),
(6, 0, '1403630079', '', 600000.00, '[{\"id\":3,\"price\":200000,\"quantity\":3,\"name\":\"Product 3\"}]', '', '', '', '', '', '2025-01-10 03:41:49'),
(7, 0, '1678985221', '', 600000.00, '[{\"id\":3,\"price\":200000,\"quantity\":3,\"name\":\"Product 3\"}]', 'ds', 'sd', 'fahrom83@gmail.com', '085725415964', '0245787', '2025-01-10 03:41:56'),
(8, 0, '109561970', 'e7bb782e-b453-49c7-9308-d188e35132c4', 600000.00, '[{\"id\":3,\"price\":200000,\"quantity\":3,\"name\":\"Product 3\"}]', 'ds', 'sd', 'fahrom83@gmail.com', '085725415964', '0245787', '2025-01-10 03:43:19'),
(9, 0, '2033835314', 'c34bbce5-a4a4-42a9-b374-6e43797c1754', 600000.00, '[{\"id\":3,\"price\":200000,\"quantity\":3,\"name\":\"Product 3\"}]', 'ds', 'sd', 'fahrom83@gmail.com', '085725415964', '0245787', '2025-01-10 03:44:45'),
(10, 0, '1677360577', 'e73a78c2-8b77-4aeb-bc07-dde29c3203d2', 750000.00, '[{\"id\":2,\"price\":150000,\"quantity\":1,\"name\":\"Product 2\"},{\"id\":3,\"price\":200000,\"quantity\":3,\"name\":\"Product 3\"}]', 'admin', '2', 'admin2@gmail.com', '085725415964', '0245787', '2025-01-11 00:33:07'),
(11, 0, 'ORDER-103-1737002425', 'c03a6129-2bc4-4247-990d-14e3fbda7241', 1000000.00, '[{\"id\":\"103\",\"price\":\"250000.00\",\"quantity\":\"1\",\"name\":\"Product 4\"},{\"id\":\"103\",\"price\":\"200000.00\",\"quantity\":\"3\",\"name\":\"Product 3\"},{\"id\":\"103\",\"price\":\"150000.00\",\"quantity\":\"1\",\"name\":\"Product 2\"}]', 'admin', '2', 'admin2@gmail.com', '085725415964', '0245787', '2025-01-16 04:40:26'),
(12, 0, 'ORDER-103-1737002473', '445bd98e-eacf-4e6c-919d-694596a0c2bc', 1000000.00, '[{\"id\":\"103\",\"price\":\"250000.00\",\"quantity\":\"1\",\"name\":\"Product 4\"},{\"id\":\"103\",\"price\":\"200000.00\",\"quantity\":\"3\",\"name\":\"Product 3\"},{\"id\":\"103\",\"price\":\"150000.00\",\"quantity\":\"1\",\"name\":\"Product 2\"}]', 'admin', '2', 'admin2@gmail.com', '085725415964', '0245787', '2025-01-16 04:41:14'),
(13, 0, 'ORDER-103-1737002697', '4858d47e-80b4-4708-89f4-f5efec7f9cb6', 1000000.00, '[{\"id\":\"103\",\"price\":\"250000.00\",\"quantity\":\"1\",\"name\":\"Product 4\"},{\"id\":\"103\",\"price\":\"200000.00\",\"quantity\":\"3\",\"name\":\"Product 3\"},{\"id\":\"103\",\"price\":\"150000.00\",\"quantity\":\"1\",\"name\":\"Product 2\"}]', 'admin', '2', 'admin2@gmail.com', '085725415964', '0245787', '2025-01-16 04:44:58'),
(14, 0, 'ORDER-103-1737002787', 'ba228c6b-8295-4f16-b0a9-03acabb289e2', 1000000.00, '[{\"id\":\"103\",\"price\":\"250000.00\",\"quantity\":\"1\",\"name\":\"Product 4\"},{\"id\":\"103\",\"price\":\"200000.00\",\"quantity\":\"3\",\"name\":\"Product 3\"},{\"id\":\"103\",\"price\":\"150000.00\",\"quantity\":\"1\",\"name\":\"Product 2\"}]', 'admin', '2', 'admin2@gmail.com', '085725415964', '0245787', '2025-01-16 04:46:28'),
(15, 1, 'ORDER-103-1737002809', 'e3e49317-a65e-45fe-b5c8-71b72b244adb', 1000000.00, '[{\"id\":\"103\",\"price\":\"250000.00\",\"quantity\":\"1\",\"name\":\"Product 4\"},{\"id\":\"103\",\"price\":\"200000.00\",\"quantity\":\"3\",\"name\":\"Product 3\"},{\"id\":\"103\",\"price\":\"150000.00\",\"quantity\":\"1\",\"name\":\"Product 2\"}]', 'admin', '2', 'admin2@gmail.com', '085725415964', '0245787', '2025-01-16 04:46:50'),
(16, 1, 'ORDER-103-1737002903', '153bd7d6-1422-44f5-bcb3-6004fa9df71b', 1000000.00, '[{\"id\":\"103\",\"price\":\"250000.00\",\"quantity\":\"1\",\"name\":\"Product 4\"},{\"id\":\"103\",\"price\":\"200000.00\",\"quantity\":\"3\",\"name\":\"Product 3\"},{\"id\":\"103\",\"price\":\"150000.00\",\"quantity\":\"1\",\"name\":\"Product 2\"}]', 'admin', '2', 'admin2@gmail.com', '085725415964', '0245787', '2025-01-16 04:48:24'),
(17, 2, 'ORDER-103-1737009077', '83d11079-72a3-4cd2-99d8-382c2ef0d472', 1000000.00, '[{\"id\":\"103\",\"price\":\"250000.00\",\"quantity\":\"1\",\"name\":\"Product 4\"},{\"id\":\"103\",\"price\":\"200000.00\",\"quantity\":\"3\",\"name\":\"Product 3\"},{\"id\":\"103\",\"price\":\"150000.00\",\"quantity\":\"1\",\"name\":\"Product 2\"}]', 'admin', '2', 'admin2@gmail.com', '085725415964', '0245787', '2025-01-16 06:31:18');

-- --------------------------------------------------------

--
-- Table structure for table `users`
--

CREATE TABLE `users` (
  `id_user` int(11) NOT NULL,
  `name` text NOT NULL,
  `email` text NOT NULL,
  `password` text NOT NULL
) ENGINE=InnoDB DEFAULT CHARSET=utf8mb4 COLLATE=utf8mb4_general_ci;

--
-- Dumping data for table `users`
--

INSERT INTO `users` (`id_user`, `name`, `email`, `password`) VALUES
(1, 'admin', 'admin@gmail.com', '123456');

--
-- Indexes for dumped tables
--

--
-- Indexes for table `orders`
--
ALTER TABLE `orders`
  ADD PRIMARY KEY (`id`);

--
-- Indexes for table `order_items`
--
ALTER TABLE `order_items`
  ADD PRIMARY KEY (`id`),
  ADD KEY `order_id` (`order_id`);

--
-- Indexes for table `products`
--
ALTER TABLE `products`
  ADD PRIMARY KEY (`id_products`);

--
-- Indexes for table `transactions`
--
ALTER TABLE `transactions`
  ADD PRIMARY KEY (`id`);

--
-- Indexes for table `users`
--
ALTER TABLE `users`
  ADD PRIMARY KEY (`id_user`);

--
-- AUTO_INCREMENT for dumped tables
--

--
-- AUTO_INCREMENT for table `orders`
--
ALTER TABLE `orders`
  MODIFY `id` bigint(20) UNSIGNED NOT NULL AUTO_INCREMENT, AUTO_INCREMENT=233;

--
-- AUTO_INCREMENT for table `order_items`
--
ALTER TABLE `order_items`
  MODIFY `id` bigint(20) UNSIGNED NOT NULL AUTO_INCREMENT, AUTO_INCREMENT=290;

--
-- AUTO_INCREMENT for table `products`
--
ALTER TABLE `products`
  MODIFY `id_products` int(11) NOT NULL AUTO_INCREMENT, AUTO_INCREMENT=3;

--
-- AUTO_INCREMENT for table `transactions`
--
ALTER TABLE `transactions`
  MODIFY `id` int(11) NOT NULL AUTO_INCREMENT, AUTO_INCREMENT=18;

--
-- AUTO_INCREMENT for table `users`
--
ALTER TABLE `users`
  MODIFY `id_user` int(11) NOT NULL AUTO_INCREMENT, AUTO_INCREMENT=2;

--
-- Constraints for dumped tables
--

--
-- Constraints for table `order_items`
--
ALTER TABLE `order_items`
  ADD CONSTRAINT `order_items_ibfk_1` FOREIGN KEY (`order_id`) REFERENCES `orders` (`id`) ON DELETE CASCADE;
COMMIT;

/*!40101 SET CHARACTER_SET_CLIENT=@OLD_CHARACTER_SET_CLIENT */;
/*!40101 SET CHARACTER_SET_RESULTS=@OLD_CHARACTER_SET_RESULTS */;
/*!40101 SET COLLATION_CONNECTION=@OLD_COLLATION_CONNECTION */;
